{
 "Abomasnow": [
  "Abomasnow",
  "Rexblisar",
  "Yukinoō",
  "Blizzaroi"
 ],
 "Abra": [
  "Abra",
  "Kēshī"
 ],
 "Absol": [
  "Absol",
  "Abusoru"
 ],
 "Accelgor": [
  "Accelgor",
  "Hydragil",
  "Agirudā",
  "Limaspeed"
 ],
 "Aegislash": [
  "Aegislash",
  "Durengard",
  "Girugarudo",
  "Exagide"
 ],
 "Aerodactyl": [
  "Aerodactyl",
  "Putera",
  "Ptéra"
 ],
 "Aggron": [
  "Aggron",
  "Stolloss",
  "Bosugodora",
  "Galeking"
 ],
 "Aipom": [
  "Aipom",
  "Griffel",
  "Eipamu",
  "Capumain"
 ],
 "Alakazam": [
  "Alakazam",
  "Simsala",
  "Fūdin"
 ],
 "Alcremie": [
  "Alcremie"
 ],
 "Alolan Diglett": [
  "Alolan Diglett",
  "Alolan Diglett"
 ],
 "Alolan Dugtrio": [
  "Alolan Dugtrio",
  "Alolan Dugtrio"
 ],
 "Alolan Exeggutor": [
  "Alolan Exeggutor",
  "Alolan Exeggutor"
 ],
 "Alolan Geodude": [
  "Alolan Geodude",
  "Alolan Geodude"
 ],
 "Alolan Golem": [
  "Alolan Golem",
  "Alolan Golem"
 ],
 "Alolan Graveler": [
  "Alolan Graveler",
  "Alolan Graveler"
 ],
 "Alolan Grimer": [
  "Alolan Grimer",
  "Alolan Grimer"
 ],
 "Alolan Marowak": [
  "Alolan Marowak",
  "Alolan Marowak"
 ],
 "Alolan Meowth": [
  "Alolan Meowth",
  "Alolan Meowth"
 ],
 "Alolan Muk": [
  "Alolan Muk",
  "Alolan Muk"
 ],
 "Alolan Ninetales": [
  "Alolan Ninetales",
  "Alolan Ninetales"
 ],
 "Alolan Persian": [
  "Alolan Persian",
  "Alolan Persian"
 ],
 "Alolan Raichu": [
  "Alolan Raichu",
  "Alolan Raichu"
 ],
 "Alolan Raticate": [
  "Alolan Raticate",
  "Alolan Raticate"
 ],
 "Alolan Rattata": [
  "Alolan Rattata",
  "Alolan Rattata"
 ],
 "Alolan Sandshrew": [
  "Alolan Sandshrew",
  "Alolan Sandshrew"
 ],
 "Alolan Sandslash": [
  "Alolan Sandslash",
  "Alolan Sandslash"
 ],
 "Alolan Vulpix": [
  "Alolan Vulpix",
  "Alolan Vulpix"
 ],
 "Alomomola": [
  "Alomomola",
  "Mamolida",
  "Mamanbō",
  "Mamanbo"
 ],
 "Altaria": [
  "Altaria",
  "Chirutarisu"
 ],
 "Amaura": [
  "Amaura",
  "Amarino",
  "Amarusu",
  "Amagara"
 ],
 "Ambipom": [
  "Ambipom",
  "Ambidiffel",
  "Etebōsu",
  "Capidextre"
 ],
 "Amoonguss": [
  "Amoonguss",
  "Hutsassa",
  "Morobareru",
  "Gaulet"
 ],
 "Ampharos": [
  "Ampharos",
  "Denryū",
  "Pharamp"
 ],
 "Anorith": [
  "Anorith",
  "Anopusu"
 ],
 "Appletun": [
  "Appletun"
 ],
 "Applin": [
  "Applin"
 ],
 "Araquanid": [
  "Araquanid",
  "Aranestro",
  "Onishizukumo",
  "Tarenbulle"
 ],
 "Arbok": [
  "Arbok",
  "Ābokku"
 ],
 "Arcanine": [
  "Arcanine",
  "Arkani",
  "Uindi",
  "Arcanin"
 ],
 "Arceus": [
  "Arceus",
  "Aruseusu"
 ],
 "Archen": [
  "Archen",
  "Flapteryx",
  "Āken",
  "Arkéapti"
 ],
 "Archeops": [
  "Archeops",
  "Aeropteryx",
  "Ākeosu",
  "Aéroptéryx"
 ],
 "Arctovish": [
  "Arctovish"
 ],
 "Arctozolt": [
  "Arctozolt"
 ],
 "Ariados": [
  "Ariados",
  "Ariadosu",
  "Migalos"
 ],
 "Armaldo": [
  "Armaldo",
  "Āmarudo"
 ],
 "Aromatisse": [
  "Aromatisse",
  "Parfinesse",
  "Furefuwan",
  "Cocotine"
 ],
 "Aron": [
  "Aron",
  "Stollunior",
  "Kokodora",
  "Galekid"
 ],
 "Arrokuda": [
  "Arrokuda"
 ],
 "Articuno": [
  "Articuno",
  "Arktos",
  "Furīzā",
  "Artikodin"
 ],
 "Audino": [
  "Audino",
  "Ohrdoch",
  "Tabunne",
  "Nanméouïe"
 ],
 "Aurorus": [
  "Aurorus",
  "Amagarga",
  "Amaruruga",
  "Dragmara"
 ],
 "Avalugg": [
  "Avalugg",
  "Arktilas",
  "Kurebēsu",
  "Séracrawl"
 ],
 "Axew": [
  "Axew",
  "Milza",
  "Kibago",
  "Coupenotte"
 ],
 "Azelf": [
  "Azelf",
  "Tobutz",
  "Agunomu",
  "Créfadet"
 ],
 "Azumarill": [
  "Azumarill",
  "Mariruri"
 ],
 "Azurill": [
  "Azurill",
  "Ruriri"
 ],
 "Bagon": [
  "Bagon",
  "Kindwurm",
  "Tatsubei",
  "Draby"
 ],
 "Baltoy": [
  "Baltoy",
  "Puppance",
  "Yajiron",
  "Balbuto"
 ],
 "Banette": [
  "Banette",
  "Jupetta",
  "Branette"
 ],
 "Barbaracle": [
  "Barbaracle",
  "Thanathora",
  "Gamenodesu",
  "Golgopathe"
 ],
 "Barboach": [
  "Barboach",
  "Schmerbe",
  "Dojotchi",
  "Barloche"
 ],
 "Barraskewda": [
  "Barraskewda"
 ],
 "Basculin": [
  "Basculin",
  "Barschuft",
  "Basurao",
  "Bargantua"
 ],
 "Bastiodon": [
  "Bastiodon",
  "Bollterus",
  "Toridepusu"
 ],
 "Bayleef": [
  "Bayleef",
  "Lorblatt",
  "Beirīfu",
  "Macronium"
 ],
 "Beartic": [
  "Beartic",
  "Siberio",
  "Tsunbeā",
  "Polagriffe"
 ],
 "Beautifly": [
  "Beautifly",
  "Papinella",
  "Agehanto",
  "Charmillon"
 ],
 "Beedrill": [
  "Beedrill",
  "Bibor",
  "Supiā",
  "Dardargnan"
 ],
 "Beheeyem": [
  "Beheeyem",
  "Megalon",
  "Ōbemu",
  "Neitram"
 ],
 "Beldum": [
  "Beldum",
  "Tanhel",
  "Danbaru",
  "Terhal"
 ],
 "Bellossom": [
  "Bellossom",
  "Blubella",
  "Kireihana",
  "Joliflor"
 ],
 "Bergmite": [
  "Bergmite",
  "Arktip",
  "Kachikōru",
  "Grelaçon"
 ],
 "Bewear": [
  "Bewear",
  "Kosturso",
  "Kiteruguma",
  "Chelours"
 ],
 "Bibarel": [
  "Bibarel",
  "Bidifas",
  "Bīdaru",
  "Castorno"
 ],
 "Bidoof": [
  "Bidoof",
  "Bidiza",
  "Bippa",
  "Keunotor"
 ],
 "Binacle": [
  "Binacle",
  "Bithora",
  "Kametete",
  "Opermine"
 ],
 "Bisharp": [
  "Bisharp",
  "Caesurio",
  "Kirikizan",
  "Scalproie"
 ],
 "Blacephalon": [
  "Blacephalon",
  "Kopplosio",
  "Zugadōn",
  "Pierroteknik"
 ],
 "Blastoise": [
  "Blastoise",
  "Turtok",
  "Kamekkusu",
  "Tortank"
 ],
 "Blaziken": [
  "Blaziken",
  "Lohgock",
  "Bashāmo",
  "Braségali"
 ],
 "Blipbug": [
  "Blipbug"
 ],
 "Blissey": [
  "Blissey",
  "Heiteira",
  "Hapinasu",
  "Leuphorie"
 ],
 "Blitzle": [
  "Blitzle",
  "Elezeba",
  "Shimama",
  "Zébibron"
 ],
 "Boldore": [
  "Boldore",
  "Sedimantur",
  "Gantoru",
  "Géolithe"
 ],
 "Boltund": [
  "Boltund"
 ],
 "Bonsly": [
  "Bonsly",
  "Mobai",
  "Usohachi",
  "Manzaï"
 ],
 "Bouffalant": [
  "Bouffalant",
  "Bisofank",
  "Baffuron",
  "Frison"
 ],
 "Bounsweet": [
  "Bounsweet",
  "Frubberl",
  "Amakaji",
  "Croquine"
 ],
 "Braixen": [
  "Braixen",
  "Rutena",
  "Tērunā",
  "Roussil"
 ],
 "Braviary": [
  "Braviary",
  "Washakwil",
  "Wōguru",
  "Gueriaigle"
 ],
 "Breloom": [
  "Breloom",
  "Kapilz",
  "Kinogassa",
  "Chapignon"
 ],
 "Brionne": [
  "Brionne",
  "Marikeck",
  "Oshamari",
  "Otarlette"
 ],
 "Bronzong": [
  "Bronzong",
  "Dōtakun",
  "Archéodong"
 ],
 "Bronzor": [
  "Bronzor",
  "Bronzel",
  "Dōmirā",
  "Archéomire"
 ],
 "Bruxish": [
  "Bruxish",
  "Knirfish",
  "Hagigishiri",
  "Denticrisse"
 ],
 "Budew": [
  "Budew",
  "Knospi",
  "Subomī",
  "Rozbouton"
 ],
 "Buizel": [
  "Buizel",
  "Bamelin",
  "Buizeru",
  "Mustébouée"
 ],
 "Bulbasaur": [
  "Bulbasaur",
  "Bisasam",
  "Fushigidane",
  "Bulbizarre"
 ],
 "Buneary": [
  "Buneary",
  "Haspiror",
  "Mimiroru",
  "Laporeille"
 ],
 "Bunnelby": [
  "Bunnelby",
  "Scoppel",
  "Horubī",
  "Sapereau"
 ],
 "Burmy": [
  "Burmy",
  "Minomutchi",
  "Cheniti"
 ],
 "Butterfree": [
  "Butterfree",
  "Smettbo",
  "Batafurī",
  "Papilusion"
 ],
 "Buzzwole": [
  "Buzzwole",
  "Masskito",
  "Masshibūn",
  "Mouscoto"
 ],
 "Cacnea": [
  "Cacnea",
  "Tuska",
  "Sabonea"
 ],
 "Camerupt": [
  "Camerupt",
  "Bakūda",
  "Camérupt"
 ],
 "Carbink": [
  "Carbink",
  "Rocara",
  "Mereshī",
  "Strassie"
 ],
 "Carkol": [
  "Carkol"
 ],
 "Carnivine": [
  "Carnivine",
  "Venuflibis",
  "Masukippa",
  "Vortente"
 ],
 "Carracosta": [
  "Carracosta",
  "Karippas",
  "Abagōra",
  "Mégapagos"
 ],
 "Carvanha": [
  "Carvanha",
  "Kanivanha",
  "Kibania"
 ],
 "Cascoon": [
  "Cascoon",
  "Panekon",
  "Mayurudo",
  "Blindalys"
 ],
 "Castform": [
  "Castform",
  "Formeo",
  "Powarun",
  "Morphéo"
 ],
 "Caterpie": [
  "Caterpie",
  "Raupy",
  "Kyatapī",
  "Chenipan"
 ],
 "Celebi": [
  "Celebi",
  "Serebī"
 ],
 "Celesteela": [
  "Celesteela",
  "Kaguron",
  "Tekkaguya",
  "Bamboiselle"
 ],
 "Centiskorch": [
  "Centiskorch"
 ],
 "Chandelure": [
  "Chandelure",
  "Skelabra",
  "Shandera",
  "Lugulabre"
 ],
 "Chansey": [
  "Chansey",
  "Chaneira",
  "Rakkī",
  "Leveinard"
 ],
 "Charizard": [
  "Charizard",
  "Glurak",
  "Rizādon",
  "Dracaufeu"
 ],
 "Charjabug": [
  "Charjabug",
  "Akkup",
  "Denjimushi",
  "Chrysapile"
 ],
 "Charmander": [
  "Charmander",
  "Glumanda",
  "Hitokage",
  "Salamèche"
 ],
 "Charmeleon": [
  "Charmeleon",
  "Glutexo",
  "Rizādo",
  "Reptincel"
 ],
 "Chatot": [
  "Chatot",
  "Plaudagei",
  "Perappu",
  "Pijako"
 ],
 "Cherrim": [
  "Cherrim",
  "Kinoso",
  "Cherimu",
  "Ceriflor"
 ],
 "Chesnaught": [
  "Chesnaught",
  "Brigaron",
  "Burigaron",
  "Blindépique"
 ],
 "Chespin": [
  "Chespin",
  "Igamaro",
  "Harimaron",
  "Marisson"
 ],
 "Chewtle": [
  "Chewtle"
 ],
 "Chikorita": [
  "Chikorita",
  "Endivie",
  "Chikorīta",
  "Germignon"
 ],
 "Chimchar": [
  "Chimchar",
  "Panflam",
  "Hikozaru",
  "Ouisticram"
 ],
 "Chimecho": [
  "Chimecho",
  "Palimpalim",
  "Chirīn",
  "Éoko"
 ],
 "Chinchou": [
  "Chinchou",
  "Lampi",
  "Chonchī",
  "Loupio"
 ],
 "Chingling": [
  "Chingling",
  "Klingplim",
  "Rīshan",
  "Korillon"
 ],
 "Cinccino": [
  "Cinccino",
  "Chillabell",
  "Chirachīno",
  "Pashmilla"
 ],
 "Cinderace": [
  "Cinderace"
 ],
 "Clamperl": [
  "Clamperl",
  "Perlu",
  "Pāruru",
  "Coquiperl"
 ],
 "Clauncher": [
  "Clauncher",
  "Scampisto",
  "Udeppō",
  "Flingouste"
 ],
 "Clawitzer": [
  "Clawitzer",
  "Wummer",
  "Burosutā",
  "Gamblast"
 ],
 "Claydol": [
  "Claydol",
  "Lepumentas",
  "Nendōru",
  "Kaorine"
 ],
 "Clefable": [
  "Clefable",
  "Pixi",
  "Pikushī",
  "Mélodelfe"
 ],
 "Clefairy": [
  "Clefairy",
  "Piepi",
  "Pippi",
  "Mélofée"
 ],
 "Cleffa": [
  "Cleffa",
  "Pii",
  "Pī",
  "Mélo"
 ],
 "Clobbopus": [
  "Clobbopus"
 ],
 "Cloyster": [
  "Cloyster",
  "Austos",
  "Parushen",
  "Crustabri"
 ],
 "Coalossal": [
  "Coalossal"
 ],
 "Cofagrigus": [
  "Cofagrigus",
  "Echnatoll",
  "Desukān",
  "Tutankafer"
 ],
 "Combee": [
  "Combee",
  "Wadribie",
  "Mitsuhanī",
  "Apitrini"
 ],
 "Combusken": [
  "Combusken",
  "Jungglut",
  "Wakashamo",
  "Galifeu"
 ],
 "Conkeldurr": [
  "Conkeldurr",
  "Meistagrif",
  "Rōbushin",
  "Bétochef"
 ],
 "Copperajah": [
  "Copperajah"
 ],
 "Corphish": [
  "Corphish",
  "Krebscorps",
  "Heigani",
  "Écrapince"
 ],
 "Corsola": [
  "Corsola",
  "Corasonn",
  "Sanīgo",
  "Corayon"
 ],
 "Corviknight": [
  "Corviknight"
 ],
 "Corvisquire": [
  "Corvisquire"
 ],
 "Cosmog": [
  "Cosmog",
  "Kosumoggu"
 ],
 "Cottonee": [
  "Cottonee",
  "Waumboll",
  "Monmen",
  "Doudouvet"
 ],
 "Crabominable": [
  "Crabominable",
  "Krawell",
  "Kekenkani"
 ],
 "Crabrawler": [
  "Crabrawler",
  "Krabbox",
  "Makenkani",
  "Crabagarre"
 ],
 "Cradily": [
  "Cradily",
  "Wielie",
  "Yureidoru",
  "Vacilys"
 ],
 "Cramorant": [
  "Cramorant"
 ],
 "Cranidos": [
  "Cranidos",
  "Koknodon",
  "Zugaidosu",
  "Kranidos"
 ],
 "Crawdaunt": [
  "Crawdaunt",
  "Krebutack",
  "Shizarigā",
  "Colhomard"
 ],
 "Cresselia": [
  "Cresselia",
  "Kureseria"
 ],
 "Croagunk": [
  "Croagunk",
  "Glibunkel",
  "Guregguru",
  "Cradopaud"
 ],
 "Crobat": [
  "Crobat",
  "Iksbat",
  "Kurobatto",
  "Nostenfer"
 ],
 "Croconaw": [
  "Croconaw",
  "Tyracroc",
  "Arigeitsu",
  "Crocrodil"
 ],
 "Crustle": [
  "Crustle",
  "Castellith",
  "Iwaparesu",
  "Crabaraque"
 ],
 "Cryogonal": [
  "Cryogonal",
  "Frigometri",
  "Furījio",
  "Hexagel"
 ],
 "Cubchoo": [
  "Cubchoo",
  "Petznief",
  "Kumashun",
  "Polarhume"
 ],
 "Cubone": [
  "Cubone",
  "Tragosso",
  "Karakara",
  "Osselait"
 ],
 "Cufant": [
  "Cufant"
 ],
 "Cursola": [
  "Cursola"
 ],
 "Cutiefly": [
  "Cutiefly",
  "Wommel",
  "Aburī",
  "Bombydou"
 ],
 "Cyndaquil": [
  "Cyndaquil",
  "Feurigel",
  "Hinoarashi",
  "Héricendre"
 ],
 "Darkrai": [
  "Darkrai",
  "Dākurai"
 ],
 "Darmanitan": [
  "Darmanitan",
  "Flampivian",
  "Hihidaruma",
  "Darumacho"
 ],
 "Dartrix": [
  "Dartrix",
  "Arboretoss",
  "Fukusurō",
  "Efflèche"
 ],
 "Darumaka": [
  "Darumaka",
  "Flampion",
  "Darumakka",
  "Darumarond"
 ],
 "Dawn Wings Necrozma": [
  "Dawn Wings Necrozma",
  "Dawn Wings Necrozma"
 ],
 "Decidueye": [
  "Decidueye",
  "Silvarro",
  "Junaipā",
  "Archéduc"
 ],
 "Dedenne": [
  "Dedenne",
  "デデンネ"
 ],
 "Deerling": [
  "Deerling",
  "Sesokitz",
  "Shikijika",
  "Vivaldaim"
 ],
 "Delcatty": [
  "Delcatty",
  "Enekoro",
  "Enekororo"
 ],
 "Delibird": [
  "Delibird",
  "Botogel",
  "Deribādo",
  "Cadoizo"
 ],
 "Delphox": [
  "Delphox",
  "Fennexis",
  "Mafokushī",
  "Goupelin"
 ],
 "Deoxys": [
  "Deoxys",
  "Deokishisu"
 ],
 "Dewgong": [
  "Dewgong",
  "Jugong",
  "Jugon",
  "Lamantine"
 ],
 "Dewott": [
  "Dewott",
  "Zwottronin",
  "Futachimaru",
  "Mateloutre"
 ],
 "Dewpider": [
  "Dewpider",
  "Araqua",
  "Shizukumo",
  "Araqua"
 ],
 "Dhelmise": [
  "Dhelmise",
  "Moruda",
  "Dadarin",
  "Sinistrail"
 ],
 "Dialga": [
  "Dialga",
  "Diaruga"
 ],
 "Diancie": [
  "Diancie",
  "Dianshī"
 ],
 "Diggersby": [
  "Diggersby",
  "Grebbit",
  "Horūdo",
  "Excavarenne"
 ],
 "Diglett": [
  "Diglett",
  "Digda",
  "Diguda",
  "Taupiqueur"
 ],
 "Ditto": [
  "Ditto",
  "Metamon",
  "Métamorph"
 ],
 "Dodrio": [
  "Dodrio",
  "Dodri",
  "Dōdorio"
 ],
 "Doduo": [
  "Doduo",
  "Dodu",
  "Dōdō"
 ],
 "Donphan": [
  "Donphan",
  "Donfan"
 ],
 "Dottler": [
  "Dottler"
 ],
 "Doublade": [
  "Doublade",
  "Duokles",
  "Nidangiru",
  "Dimoclès"
 ],
 "Dracovish": [
  "Dracovish"
 ],
 "Dracozolt": [
  "Dracozolt"
 ],
 "Dragalge": [
  "Dragalge",
  "Tandrak",
  "Doramidoro",
  "Kravarech"
 ],
 "Dragapult": [
  "Dragapult"
 ],
 "Dragonair": [
  "Dragonair",
  "Dragonir",
  "Hakuryū",
  "Draco"
 ],
 "Dragonite": [
  "Dragonite",
  "Dragoran",
  "Kairyū",
  "Dracolosse"
 ],
 "Drakloak": [
  "Drakloak"
 ],
 "Drampa": [
  "Drampa",
  "Sen-long",
  "Jijīron",
  "Draïeul"
 ],
 "Drapion": [
  "Drapion",
  "Piondragi",
  "Dorapion",
  "Drascore"
 ],
 "Dratini": [
  "Dratini",
  "Miniryū",
  "Minidraco"
 ],
 "Drednaw": [
  "Drednaw"
 ],
 "Dreepy": [
  "Dreepy"
 ],
 "Drifblim": [
  "Drifblim",
  "Drifzepeli",
  "Fuwaraido",
  "Grodrive"
 ],
 "Drifloon": [
  "Drifloon",
  "Driftlon",
  "Fuwante",
  "Baudrive"
 ],
 "Drilbur": [
  "Drilbur",
  "Rotomurf",
  "Moguryū",
  "Rototaupe"
 ],
 "Drizzile": [
  "Drizzile"
 ],
 "Drowzee": [
  "Drowzee",
  "Traumato",
  "Surīpu",
  "Soporifik"
 ],
 "Druddigon": [
  "Druddigon",
  "Shardrago",
  "Kurimugan",
  "Drakkarmin"
 ],
 "Dubwool": [
  "Dubwool"
 ],
 "Ducklett": [
  "Ducklett",
  "Piccolente",
  "Koaruhī",
  "Couaneton"
 ],
 "Dugtrio": [
  "Dugtrio",
  "Digdri",
  "Dagutorio",
  "Triopikeur"
 ],
 "Dunsparce": [
  "Dunsparce",
  "Dummisel",
  "Nokotchi",
  "Insolourdo"
 ],
 "Duosion": [
  "Duosion",
  "Mitodos",
  "Daburan",
  "Méios"
 ],
 "Duraludon": [
  "Duraludon"
 ],
 "Durant": [
  "Durant",
  "Fermicula",
  "Aianto",
  "Fermite"
 ],
 "Dusclops": [
  "Dusclops",
  "Zwirrklop",
  "Samayōru",
  "Téraclope"
 ],
 "Dusk Mane Necrozma": [
  "Dusk Mane Necrozma",
  "Dusk Mane Necrozma"
 ],
 "Dusknoir": [
  "Dusknoir",
  "Zwirrfinst",
  "Yonowāru",
  "Noctunoir"
 ],
 "Duskull": [
  "Duskull",
  "Zwirrlicht",
  "Yomawaru",
  "Skelénox"
 ],
 "Dustox": [
  "Dustox",
  "Pudox",
  "Dokukeiru",
  "Papinox"
 ],
 "Dwebble": [
  "Dwebble",
  "Lithomith",
  "Ishizumai",
  "Crabicoque"
 ],
 "Eelektrik": [
  "Eelektrik",
  "Zapplalek",
  "Shibibīru",
  "Lampéroie"
 ],
 "Eelektross": [
  "Eelektross",
  "Zapplarang",
  "Shibirudon",
  "Ohmassacre"
 ],
 "Eevee": [
  "Eevee",
  "Evoli",
  "Ībui",
  "Évoli"
 ],
 "Eiscue": [
  "Eiscue"
 ],
 "Ekans": [
  "Ekans",
  "Rettan",
  "Ābo",
  "Abo"
 ],
 "Eldegoss": [
  "Eldegoss"
 ],
 "Electabuzz": [
  "Electabuzz",
  "Elektek",
  "Erebū",
  "Élektek"
 ],
 "Electivire": [
  "Electivire",
  "Elevoltek",
  "Erekiburu",
  "Élekable"
 ],
 "Electrike": [
  "Electrike",
  "Frizelbliz",
  "Rakurai",
  "Dynavolt"
 ],
 "Electrode": [
  "Electrode",
  "Lektrobal",
  "Marumain",
  "Électrode"
 ],
 "Elekid": [
  "Elekid",
  "Erekiddo",
  "Élekid"
 ],
 "Elgyem": [
  "Elgyem",
  "Pygraulon",
  "Rigurē",
  "Lewsor"
 ],
 "Emboar": [
  "Emboar",
  "Flambirex",
  "Enbuō",
  "Roitiflam"
 ],
 "Emolga": [
  "Emolga",
  "Emonga"
 ],
 "Empoleon": [
  "Empoleon",
  "Impoleon",
  "Enperuto",
  "Pingoléon"
 ],
 "Entei": [
  "Entei",
  "エンテイ"
 ],
 "Escavalier": [
  "Escavalier",
  "Cavalanzas",
  "Shubarugo",
  "Lançargot"
 ],
 "Espeon": [
  "Espeon",
  "Psiana",
  "Ēfi",
  "Mentali"
 ],
 "Espurr": [
  "Espurr",
  "Psiau",
  "Nyasupā",
  "Psystigri"
 ],
 "Excadrill": [
  "Excadrill",
  "Stalobor",
  "Doryūzu",
  "Minotaupe"
 ],
 "Exeggcute": [
  "Exeggcute",
  "Owei",
  "Tamatama",
  "Noeunoeuf"
 ],
 "Exploud": [
  "Exploud",
  "Krawumms",
  "Bakuongu",
  "Brouhabam"
 ],
 "Falinks": [
  "Falinks"
 ],
 "Farfetch'd": [
  "Farfetch'd",
  "Porenta",
  "Kamonegi",
  "Canarticho"
 ],
 "Fearow": [
  "Fearow",
  "Ibitak",
  "Onidoriru",
  "Rapasdepic"
 ],
 "Feebas": [
  "Feebas",
  "Barschwa",
  "Hinbasu",
  "Barpau"
 ],
 "Fennekin": [
  "Fennekin",
  "Fynx",
  "Fokko",
  "Feunnec"
 ],
 "Feraligatr": [
  "Feraligatr",
  "Impergator",
  "Ōdairu",
  "Aligatueur"
 ],
 "Ferroseed": [
  "Ferroseed",
  "Kastadur",
  "Tesshīdo",
  "Grindur"
 ],
 "Ferrothorn": [
  "Ferrothorn",
  "Tentantel",
  "Nattorei",
  "Noacier"
 ],
 "Finneon": [
  "Finneon",
  "Keiko'uo",
  "Écayon"
 ],
 "Flaaffy": [
  "Flaaffy",
  "Waaty",
  "Mokoko",
  "Lainergie"
 ],
 "Flabébé": [
  "Flabébé",
  "Furabebe"
 ],
 "Flapple": [
  "Flapple"
 ],
 "Flareon": [
  "Flareon",
  "Flamara",
  "Būsutā",
  "Pyroli"
 ],
 "Fletchinder": [
  "Fletchinder",
  "Dartignis",
  "Hinoyakoma",
  "Braisillon"
 ],
 "Fletchling": [
  "Fletchling",
  "Dartiri",
  "Yayakoma",
  "Passerouge"
 ],
 "Floatzel": [
  "Floatzel",
  "Bojelin",
  "Furōzeru",
  "Mustéflott"
 ],
 "Floette": [
  "Floette",
  "Furaette"
 ],
 "Florges": [
  "Florges",
  "Furājesu"
 ],
 "Flygon": [
  "Flygon",
  "Libelldra",
  "Furaigon",
  "Libégon"
 ],
 "Fomantis": [
  "Fomantis",
  "Imantis",
  "Karikiri",
  "Mimantis"
 ],
 "Foongus": [
  "Foongus",
  "Tarnpignon",
  "Tamagetake",
  "Trompignon"
 ],
 "Forretress": [
  "Forretress",
  "Forstellka",
  "Foretosu",
  "Foretress"
 ],
 "Fraxure": [
  "Fraxure",
  "Sharfax",
  "Onondo",
  "Incisache"
 ],
 "Frillish": [
  "Frillish",
  "Quabbel",
  "Pururiru",
  "Viskuse"
 ],
 "Froakie": [
  "Froakie",
  "Froxy",
  "Keromatsu",
  "Grenousse"
 ],
 "Frogadier": [
  "Frogadier",
  "Amphizel",
  "Gekogashira",
  "Croâporal"
 ],
 "Froslass": [
  "Froslass",
  "Frosdedje",
  "Yukimenoko",
  "Momartik"
 ],
 "Frosmoth": [
  "Frosmoth"
 ],
 "Furfrou": [
  "Furfrou",
  "Coiffwaff",
  "Torimian",
  "Couafarel"
 ],
 "Furret": [
  "Furret",
  "Wiesenior",
  "Ōtachi",
  "Fouinar"
 ],
 "Gabite": [
  "Gabite",
  "Knarksel",
  "Gabaito",
  "Carmache"
 ],
 "Galarian Corsola": [
  "Galarian Corsola",
  "Galarian Corsola"
 ],
 "Galarian Darumaka": [
  "Galarian Darumaka",
  "Galarian Darumaka"
 ],
 "Galarian Farfetch'd": [
  "Galarian Farfetch'd",
  "Galarian Farfetch'd"
 ],
 "Galarian Linoone": [
  "Galarian Linoone",
  "Galarian Linoone"
 ],
 "Galarian Meowth": [
  "Galarian Meowth",
  "Galarian Meowth"
 ],
 "Galarian Mr. Mime": [
  "Galarian Mr. Mime",
  "Galarian Mr. Mime"
 ],
 "Galarian Ponyta": [
  "Galarian Ponyta",
  "Galarian Ponyta"
 ],
 "Galarian Rapidash": [
  "Galarian Rapidash",
  "Galarian Rapidash"
 ],
 "Galarian Stunfisk": [
  "Galarian Stunfisk",
  "Galarian Stunfisk"
 ],
 "Galarian Weezing": [
  "Galarian Weezing",
  "Galarian Weezing"
 ],
 "Galarian Yamask": [
  "Galarian Yamask",
  "Galarian Yamask"
 ],
 "Galarian Zigzagoon": [
  "Galarian Zigzagoon",
  "Galarian Zigzagoon"
 ],
 "Gallade": [
  "Gallade",
  "Galagladi",
  "Erureido",
  "Gallame"
 ],
 "Galvantula": [
  "Galvantula",
  "Voltula",
  "Denchura",
  "Mygavolt"
 ],
 "Garbodor": [
  "Garbodor",
  "Deponitox",
  "Dasutodasu",
  "Miasmax"
 ],
 "Garchomp": [
  "Garchomp",
  "Knakrack",
  "Gaburiasu",
  "Carchacrok"
 ],
 "Gardevoir": [
  "Gardevoir",
  "Guardevoir",
  "Sānaito"
 ],
 "Gastly": [
  "Gastly",
  "Nebulak",
  "Gōsu",
  "Fantominus"
 ],
 "Gastrodon": [
  "Gastrodon",
  "Toritodon",
  "Tritosor"
 ],
 "Genesect": [
  "Genesect",
  "Genosekuto"
 ],
 "Gengar": [
  "Gengar",
  "Gengā",
  "Ectoplasma"
 ],
 "Geodude": [
  "Geodude",
  "Kleinstein",
  "Ishitsubute",
  "Racaillou"
 ],
 "Gible": [
  "Gible",
  "Kaumalat",
  "Fukamaru",
  "Griknot"
 ],
 "Gigalith": [
  "Gigalith",
  "Brockoloss",
  "Gigaiasu",
  "Gigalithe"
 ],
 "Girafarig": [
  "Girafarig",
  "Kirinriki"
 ],
 "Glaceon": [
  "Glaceon",
  "Glaziola",
  "Gureishia",
  "Givrali"
 ],
 "Glalie": [
  "Glalie",
  "Firnontor",
  "Onigōri",
  "Oniglali"
 ],
 "Glameow": [
  "Glameow",
  "Charmian",
  "Nyarumā",
  "Chaglam"
 ],
 "Gligar": [
  "Gligar",
  "Skorgla",
  "Guraigā",
  "Scorplane"
 ],
 "Gliscor": [
  "Gliscor",
  "Skorgro",
  "Guraion",
  "Scorvol"
 ],
 "Gloom": [
  "Gloom",
  "Duflor",
  "Kusaihana",
  "Ortide"
 ],
 "Gogoat": [
  "Gogoat",
  "Chevrumm",
  "Gōgōto",
  "Chevroum"
 ],
 "Golbat": [
  "Golbat",
  "Gorubatto",
  "Nosferalto"
 ],
 "Goldeen": [
  "Goldeen",
  "Goldini",
  "Tosakinto",
  "Poissirène"
 ],
 "Golduck": [
  "Golduck",
  "Entoron",
  "Gorudakku",
  "Akwakwak"
 ],
 "Golem": [
  "Golem",
  "Geowaz",
  "Gorōnya",
  "Grolem"
 ],
 "Golett": [
  "Golett",
  "Golbit",
  "Gobitto",
  "Gringolem"
 ],
 "Golisopod": [
  "Golisopod",
  "Tectass",
  "Gusokumusha",
  "Sarmuraï"
 ],
 "Golurk": [
  "Golurk",
  "Golgantes",
  "Gorūgu",
  "Golemastoc"
 ],
 "Goodra": [
  "Goodra",
  "Viscogon",
  "Numerugon",
  "Muplodocus"
 ],
 "Goomy": [
  "Goomy",
  "Viscora",
  "Numera",
  "Mucuscule"
 ],
 "Gorebyss": [
  "Gorebyss",
  "Saganabyss",
  "Sakurabisu",
  "Rosabyss"
 ],
 "Gossifleur": [
  "Gossifleur"
 ],
 "Gothita": [
  "Gothita",
  "Mollimorba",
  "Gochimu",
  "Scrutella"
 ],
 "Gothitelle": [
  "Gothitelle",
  "Morbitesse",
  "Gochiruzeru",
  "Sidérella"
 ],
 "Gothorita": [
  "Gothorita",
  "Hypnomorba",
  "Gochimiru",
  "Mesmérella"
 ],
 "Gourgeist": [
  "Gourgeist",
  "Pumpdjinn",
  "Panpujin",
  "Banshitrouye"
 ],
 "Granbull": [
  "Granbull",
  "Guranburu"
 ],
 "Grapploct": [
  "Grapploct"
 ],
 "Graveler": [
  "Graveler",
  "Georok",
  "Gorōn",
  "Gravalanch"
 ],
 "Greedent": [
  "Greedent"
 ],
 "Greninja": [
  "Greninja",
  "Quajutsu",
  "Gekkōga",
  "Amphinobi"
 ],
 "Grimer": [
  "Grimer",
  "Sleima",
  "Betobetā",
  "Tadmorv"
 ],
 "Grimmsnarl": [
  "Grimmsnarl"
 ],
 "Grookey": [
  "Grookey"
 ],
 "Grotle": [
  "Grotle",
  "Chelcarain",
  "Hayashigame",
  "Boskara"
 ],
 "Groudon": [
  "Groudon",
  "Gurādon"
 ],
 "Grovyle": [
  "Grovyle",
  "Reptain",
  "Juputoru",
  "Massko"
 ],
 "Growlithe": [
  "Growlithe",
  "Fukano",
  "Gādi",
  "Caninos"
 ],
 "Grubbin": [
  "Grubbin",
  "Mabula",
  "Agojimushi",
  "Larvibule"
 ],
 "Grumpig": [
  "Grumpig",
  "Groink",
  "Būpiggu",
  "Groret"
 ],
 "Gulpin": [
  "Gulpin",
  "Schluppuck",
  "Gokurin",
  "Gloupti"
 ],
 "Gumshoos": [
  "Gumshoos",
  "Manguspektor",
  "Dekagūsu",
  "Argouste"
 ],
 "Gurdurr": [
  "Gurdurr",
  "Strepoli",
  "Dotekkotsu",
  "Ouvrifier"
 ],
 "Guzzlord": [
  "Guzzlord",
  "Schlingking",
  "Akujikingu",
  "Engloutyran"
 ],
 "Gyarados": [
  "Gyarados",
  "Garados",
  "Gyaradosu",
  "Léviator"
 ],
 "Hakamo-o": [
  "Hakamo-o",
  "Mediras",
  "Jarango",
  "Écaïd"
 ],
 "Happiny": [
  "Happiny",
  "Wonneira",
  "Pinpuku",
  "Ptiravi"
 ],
 "Hariyama": [
  "Hariyama",
  "Hariteyama"
 ],
 "Hatenna": [
  "Hatenna"
 ],
 "Hatterene": [
  "Hatterene"
 ],
 "Hattrem": [
  "Hattrem"
 ],
 "Haunter": [
  "Haunter",
  "Alpollo",
  "Gōsuto",
  "Spectrum"
 ],
 "Hawlucha": [
  "Hawlucha",
  "Resladero",
  "Ruchaburu",
  "Brutalibré"
 ],
 "Haxorus": [
  "Haxorus",
  "Maxax",
  "Ononokusu",
  "Tranchodon"
 ],
 "Heatmor": [
  "Heatmor",
  "Furnifraß",
  "Kuitaran",
  "Aflamanoir"
 ],
 "Heatran": [
  "Heatran",
  "Hīdoran"
 ],
 "Heliolisk": [
  "Heliolisk",
  "Elezard",
  "Erezādo",
  "Iguolta"
 ],
 "Helioptile": [
  "Helioptile",
  "Eguana",
  "Erikiteru",
  "Galvaran"
 ],
 "Heracross": [
  "Heracross",
  "Skaraborn",
  "Herakurosu",
  "Scarhino"
 ],
 "Herdier": [
  "Herdier",
  "Terribark",
  "Hāderia",
  "Ponchien"
 ],
 "Hippopotas": [
  "Hippopotas",
  "Hipopotasu"
 ],
 "Hippowdon": [
  "Hippowdon",
  "Hippoterus",
  "Kabarudon",
  "Hippodocus"
 ],
 "Hitmonchan": [
  "Hitmonchan",
  "Nockchan",
  "Ebiwarā",
  "Tygnon"
 ],
 "Hitmonlee": [
  "Hitmonlee",
  "Kicklee",
  "Sawamurā",
  "Kicklee"
 ],
 "Hitmontop": [
  "Hitmontop",
  "Kapoera",
  "Kapoerā",
  "Kapoera"
 ],
 "Ho-Oh": [
  "Ho-Oh",
  "Hōō",
  "Ho-Oh",
  "Hōō"
 ],
 "Honchkrow": [
  "Honchkrow",
  "Kramshef",
  "Donkarasu",
  "Corboss"
 ],
 "Honedge": [
  "Honedge",
  "Gramokles",
  "Hitotsuki",
  "Monorpale"
 ],
 "Hoopa": [
  "Hoopa",
  "Fūpa"
 ],
 "Hoothoot": [
  "Hoothoot",
  "Hōhō"
 ],
 "Hoppip": [
  "Hoppip",
  "Hoppspross",
  "Hanekko",
  "Granivol"
 ],
 "Horsea": [
  "Horsea",
  "Seeper",
  "Tattsū",
  "Hypotrempe"
 ],
 "Houndoom": [
  "Houndoom",
  "Hundemon",
  "Herugā",
  "Démolosse"
 ],
 "Houndour": [
  "Houndour",
  "Hunduster",
  "Derubiru",
  "Malosse"
 ],
 "Huntail": [
  "Huntail",
  "Aalabyss",
  "Hantēru",
  "Serpang"
 ],
 "Hydreigon": [
  "Hydreigon",
  "Trikephalo",
  "Sazandora",
  "Trioxhydre"
 ],
 "Hypno": [
  "Hypno",
  "Surīpā",
  "Hypnomade"
 ],
 "Igglybuff": [
  "Igglybuff",
  "Fluffeluff",
  "Pupurin",
  "Toudoudou"
 ],
 "Illumise": [
  "Illumise",
  "Irumīze",
  "Lumivole"
 ],
 "Impidimp": [
  "Impidimp"
 ],
 "Incineroar": [
  "Incineroar",
  "Fuegro",
  "Gaogaen",
  "Félinferno"
 ],
 "Infernape": [
  "Infernape",
  "Panferno",
  "Gōkazaru",
  "Simiabraz"
 ],
 "Inkay": [
  "Inkay",
  "Iscalar",
  "Māīka",
  "Sepiatop"
 ],
 "Inteleon": [
  "Inteleon"
 ],
 "Ivysaur": [
  "Ivysaur",
  "Bisaknosp",
  "Fushigisō",
  "Herbizarre"
 ],
 "Jangmo-o": [
  "Jangmo-o",
  "Miniras",
  "Jarako",
  "Bébécaille"
 ],
 "Jellicent": [
  "Jellicent",
  "Apoquallyp",
  "Burungeru",
  "Moyade"
 ],
 "Jigglypuff": [
  "Jigglypuff",
  "Pummeluff",
  "Purin",
  "Rondoudou"
 ],
 "Jirachi": [
  "Jirachi",
  "Jirāchi"
 ],
 "Jolteon": [
  "Jolteon",
  "Blitza",
  "Sandāsu",
  "Voltali"
 ],
 "Joltik": [
  "Joltik",
  "Wattzapf",
  "Bachuru",
  "Statitik"
 ],
 "Jumpluff": [
  "Jumpluff",
  "Papungha",
  "Watakko",
  "Cotovol"
 ],
 "Jynx": [
  "Jynx",
  "Rossana",
  "Rūjura",
  "Lippoutou"
 ],
 "Kabuto": [
  "Kabuto",
  "カブト"
 ],
 "Kabutops": [
  "Kabutops",
  "Kabutopusu"
 ],
 "Kadabra": [
  "Kadabra",
  "Yungerā"
 ],
 "Kakuna": [
  "Kakuna",
  "Kokuna",
  "Kokūn",
  "Coconfort"
 ],
 "Kangaskhan": [
  "Kangaskhan",
  "Kangama",
  "Garūra",
  "Kangourex"
 ],
 "Karrablast": [
  "Karrablast",
  "Laukaps",
  "Kaburumo",
  "Carabing"
 ],
 "Kartana": [
  "Kartana",
  "Katagami",
  "Kamitsurugi",
  "Katagami"
 ],
 "Kecleon": [
  "Kecleon",
  "Kakureon"
 ],
 "Keldeo": [
  "Keldeo",
  "Kerudio"
 ],
 "Kingdra": [
  "Kingdra",
  "Seedraking",
  "Kingudora",
  "Hyporoi"
 ],
 "Kingler": [
  "Kingler",
  "Kingurā",
  "Krabboss"
 ],
 "Kirlia": [
  "Kirlia",
  "Kiruria"
 ],
 "Klang": [
  "Klang",
  "Kliklak",
  "Gigiaru",
  "Clic"
 ],
 "Klefki": [
  "Klefki",
  "Clavion",
  "Kureffi",
  "Trousselin"
 ],
 "Klink": [
  "Klink",
  "Klikk",
  "Giaru",
  "Tic"
 ],
 "Klinklang": [
  "Klinklang",
  "Klikdiklak",
  "Gigigiaru",
  "Cliticlic"
 ],
 "Koffing": [
  "Koffing",
  "Smogon",
  "Dogāsu",
  "Smogo"
 ],
 "Komala": [
  "Komala",
  "Koalelu",
  "Nekkoara",
  "Dodoala"
 ],
 "Kommo-o": [
  "Kommo-o",
  "Grandiras",
  "Jararanga",
  "Ékaïser"
 ],
 "Krabby": [
  "Krabby",
  "Kurabu"
 ],
 "Kricketot": [
  "Kricketot",
  "Zirpurze",
  "Korobōshi",
  "Crikzik"
 ],
 "Kricketune": [
  "Kricketune",
  "Zirpeise",
  "Korotokku",
  "Mélokrik"
 ],
 "Krokorok": [
  "Krokorok",
  "Rokkaiman",
  "Warubiru",
  "Escroco"
 ],
 "Krookodile": [
  "Krookodile",
  "Rabigator",
  "Warubiaru",
  "Crocorible"
 ],
 "Kyogre": [
  "Kyogre",
  "Kaiōga"
 ],
 "Kyurem": [
  "Kyurem",
  "Kyuremu"
 ],
 "Lairon": [
  "Lairon",
  "Stollrak",
  "Kodora",
  "Galegon"
 ],
 "Lampent": [
  "Lampent",
  "Laternecto",
  "Ranpurā",
  "Mélancolux"
 ],
 "Landorus": [
  "Landorus",
  "Demeteros",
  "Randorosu",
  "Démétéros"
 ],
 "Lanturn": [
  "Lanturn",
  "Rantān"
 ],
 "Lapras": [
  "Lapras",
  "Rapurasu",
  "Lokhlass"
 ],
 "Larvesta": [
  "Larvesta",
  "Ignivor",
  "Meraruba",
  "Pyronille"
 ],
 "Larvitar": [
  "Larvitar",
  "Yōgirasu",
  "Embrylex"
 ],
 "Latias": [
  "Latias",
  "Ratiasu"
 ],
 "Latios": [
  "Latios",
  "Ratiosu"
 ],
 "Leafeon": [
  "Leafeon",
  "Folipurba",
  "Rīfia",
  "Phyllali"
 ],
 "Ledian": [
  "Ledian",
  "Redian",
  "Coxyclaque"
 ],
 "Ledyba": [
  "Ledyba",
  "Rediba",
  "Coxy"
 ],
 "Lickilicky": [
  "Lickilicky",
  "Schlurplek",
  "Beroberuto",
  "Coudlangue"
 ],
 "Lickitung": [
  "Lickitung",
  "Schlurp",
  "Beroringa",
  "Excelangue"
 ],
 "Liepard": [
  "Liepard",
  "Kleoparda",
  "Reparudasu",
  "Léopardus"
 ],
 "Lileep": [
  "Lileep",
  "Liliep",
  "Rirīra",
  "Lilia"
 ],
 "Lilligant": [
  "Lilligant",
  "Dressella",
  "Doredia",
  "Fragilady"
 ],
 "Lillipup": [
  "Lillipup",
  "Yorkleff",
  "Yōterī",
  "Ponchiot"
 ],
 "Linoone": [
  "Linoone",
  "Geradaks",
  "Massuguma",
  "Linéon"
 ],
 "Litleo": [
  "Litleo",
  "Leufeo",
  "Shishiko",
  "Hélionceau"
 ],
 "Litten": [
  "Litten",
  "Flamiau",
  "Nyabī",
  "Flamiaou"
 ],
 "Litwick": [
  "Litwick",
  "Lichtel",
  "Hitomoshi",
  "Funécire"
 ],
 "Lombre": [
  "Lombre",
  "Lombrero",
  "Hasuburero"
 ],
 "Lopunny": [
  "Lopunny",
  "Schlapor",
  "Mimiroppu",
  "Lockpin"
 ],
 "Lotad": [
  "Lotad",
  "Loturzel",
  "Hasubō",
  "Nénupiot"
 ],
 "Loudred": [
  "Loudred",
  "Krakeelo",
  "Dogōmu",
  "Ramboum"
 ],
 "Lucario": [
  "Lucario",
  "Rukario"
 ],
 "Ludicolo": [
  "Ludicolo",
  "Kappalores",
  "Runpappa"
 ],
 "Lumineon": [
  "Lumineon",
  "Neoranto",
  "Luminéon"
 ],
 "Lunala": [
  "Lunala",
  "Runaāra"
 ],
 "Lunatone": [
  "Lunatone",
  "Lunastein",
  "Runatōn",
  "Séléroc"
 ],
 "Lurantis": [
  "Lurantis",
  "Mantidea",
  "Rarantesu",
  "Floramantis"
 ],
 "Luvdisc": [
  "Luvdisc",
  "Liebiskus",
  "Rabukasu",
  "Lovdisc"
 ],
 "Luxio": [
  "Luxio",
  "Rukushio"
 ],
 "Luxray": [
  "Luxray",
  "Luxtra",
  "Rentorā"
 ],
 "Lycanroc": [
  "Lycanroc",
  "Wolwerock",
  "Rugarugan",
  "Lougaroc"
 ],
 "Machamp": [
  "Machamp",
  "Machomei",
  "Kairikī",
  "Mackogneur"
 ],
 "Machoke": [
  "Machoke",
  "Maschock",
  "Gōrikī",
  "Machopeur"
 ],
 "Machop": [
  "Machop",
  "Machollo",
  "Wanrikī",
  "Machoc"
 ],
 "Magby": [
  "Magby",
  "Bubī"
 ],
 "Magcargo": [
  "Magcargo",
  "Magukarugo",
  "Volcaropod"
 ],
 "Magearna": [
  "Magearna",
  "Magiana"
 ],
 "Magikarp": [
  "Magikarp",
  "Karpador",
  "Koikingu",
  "Magicarpe"
 ],
 "Magmar": [
  "Magmar",
  "Būbā"
 ],
 "Magmortar": [
  "Magmortar",
  "Magbrant",
  "Būbān",
  "Maganon"
 ],
 "Magnemite": [
  "Magnemite",
  "Magnetilo",
  "Koiru",
  "Magnéti"
 ],
 "Magneton": [
  "Magneton",
  "Reakoiru",
  "Magnéton"
 ],
 "Magnezone": [
  "Magnezone",
  "Jibakoiru",
  "Magnézone"
 ],
 "Makuhita": [
  "Makuhita",
  "Makunoshita"
 ],
 "Malamar": [
  "Malamar",
  "Calamanero",
  "Karamanero",
  "Sepiatroce"
 ],
 "Mamoswine": [
  "Mamoswine",
  "Mamutel",
  "Manmū",
  "Mammochon"
 ],
 "Manaphy": [
  "Manaphy",
  "Manafi"
 ],
 "Mandibuzz": [
  "Mandibuzz",
  "Grypheldis",
  "Barujīna",
  "Vaututrice"
 ],
 "Manectric": [
  "Manectric",
  "Voltenso",
  "Raiboruto",
  "Élecsprint"
 ],
 "Mankey": [
  "Mankey",
  "Menki",
  "Mankī",
  "Férosinge"
 ],
 "Mantine": [
  "Mantine",
  "Mantax",
  "Mantain",
  "Démanta"
 ],
 "Mantyke": [
  "Mantyke",
  "Mantirps",
  "Tamanta",
  "Babimanta"
 ],
 "Maractus": [
  "Maractus",
  "Maracamba",
  "Marakatchi",
  "Maracachi"
 ],
 "Mareanie": [
  "Mareanie",
  "Garstella",
  "Hidoide",
  "Vorastérie"
 ],
 "Mareep": [
  "Mareep",
  "Voltilamm",
  "Merīpu",
  "Wattouat"
 ],
 "Marill": [
  "Marill",
  "Mariru"
 ],
 "Marowak": [
  "Marowak",
  "Knogga",
  "Garagara",
  "Ossatueur"
 ],
 "Marshadow": [
  "Marshadow",
  "Māshadō"
 ],
 "Marshtomp": [
  "Marshtomp",
  "Moorabbel",
  "Numakurō",
  "Flobio"
 ],
 "Masquerain": [
  "Masquerain",
  "Maskeregen",
  "Amemōsu",
  "Maskadra"
 ],
 "Mawile": [
  "Mawile",
  "Flunkifer",
  "Kuchīto",
  "Mysdibule"
 ],
 "Medicham": [
  "Medicham",
  "Meditalis",
  "Chāremu",
  "Charmina"
 ],
 "Meditite": [
  "Meditite",
  "Meditie",
  "Asanan",
  "Méditikka"
 ],
 "Mega Abomasnow": [
  "Mega Abomasnow",
  "Mega Abomasnow"
 ],
 "Mega Absol": [
  "Mega Absol",
  "Mega Absol"
 ],
 "Mega Aerodactyl": [
  "Mega Aerodactyl",
  "Mega Aerodactyl"
 ],
 "Mega Aggron": [
  "Mega Aggron",
  "Mega Aggron"
 ],
 "Mega Alakazam": [
  "Mega Alakazam"
 ],
 "Mega Altaria": [
  "Mega Altaria",
  "Mega Altaria"
 ],
 "Mega Ampharos": [
  "Mega Ampharos",
  "Mega Ampharos"
 ],
 "Mega Audino": [
  "Mega Audino",
  "Mega Audino"
 ],
 "Mega Banette": [
  "Mega Banette",
  "Mega Banette"
 ],
 "Mega Beedrill": [
  "Mega Beedrill",
  "Mega Beedrill"
 ],
 "Mega Blastoise": [
  "Mega Blastoise",
  "Mega Blastoise"
 ],
 "Mega Blaziken": [
  "Mega Blaziken",
  "Mega Blaziken"
 ],
 "Mega Camerupt": [
  "Mega Camerupt",
  "Mega Camerupt"
 ],
 "Mega Charizard X": [
  "Mega Charizard X",
  "Mega Charizard X"
 ],
 "Mega Charizard Y": [
  "Mega Charizard Y",
  "Mega Charizard Y"
 ],
 "Mega Diancie": [
  "Mega Diancie",
  "Mega Diancie"
 ],
 "Mega Gallade": [
  "Mega Gallade",
  "Mega Gallade"
 ],
 "Mega Garchomp": [
  "Mega Garchomp"
 ],
 "Mega Gardevoir": [
  "Mega Gardevoir",
  "Mega Gardevoir"
 ],
 "Mega Gengar": [
  "Mega Gengar",
  "Mega Gengar"
 ],
 "Mega Glalie": [
  "Mega Glalie",
  "Mega Glalie"
 ],
 "Mega Gyarados": [
  "Mega Gyarados",
  "Mega Gyarados"
 ],
 "Mega Heracross": [
  "Mega Heracross",
  "Mega Heracross"
 ],
 "Mega Houndoom": [
  "Mega Houndoom"
 ],
 "Mega Kangaskhan": [
  "Mega Kangaskhan",
  "Mega Kangaskhan"
 ],
 "Mega Latias": [
  "Mega Latias",
  "Mega Latias"
 ],
 "Mega Latios": [
  "Mega Latios",
  "Mega Latios"
 ],
 "Mega Lopunny": [
  "Mega Lopunny",
  "Mega Lopunny"
 ],
 "Mega Lucario": [
  "Mega Lucario",
  "Mega Lucario"
 ],
 "Mega Manectric": [
  "Mega Manectric",
  "Mega Manectric"
 ],
 "Mega Mawile": [
  "Mega Mawile",
  "Mega Mawile"
 ],
 "Mega Medicham": [
  "Mega Medicham",
  "Mega Medicham"
 ],
 "Mega Metagross": [
  "Mega Metagross",
  "Mega Metagross"
 ],
 "Mega Mewtwo X": [
  "Mega Mewtwo X",
  "Mega Mewtwo X"
 ],
 "Mega Mewtwo Y": [
  "Mega Mewtwo Y",
  "Mega Mewtwo Y"
 ],
 "Mega Pidgeot": [
  "Mega Pidgeot",
  "Mega Pidgeot"
 ],
 "Mega Pinsir": [
  "Mega Pinsir",
  "Mega Pinsir"
 ],
 "Mega Rayquaza": [
  "Mega Rayquaza",
  "Mega Rayquaza"
 ],
 "Mega Sableye": [
  "Mega Sableye",
  "Mega Sableye"
 ],
 "Mega Salamence": [
  "Mega Salamence",
  "Mega Salamence"
 ],
 "Mega Sceptile": [
  "Mega Sceptile",
  "Mega Sceptile"
 ],
 "Mega Scizor": [
  "Mega Scizor",
  "Mega Scizor"
 ],
 "Mega Sharpedo": [
  "Mega Sharpedo"
 ],
 "Mega Slowbro": [
  "Mega Slowbro",
  "Mega Slowbro"
 ],
 "Mega Steelix": [
  "Mega Steelix",
  "Mega Steelix"
 ],
 "Mega Swampert": [
  "Mega Swampert",
  "Mega Swampert"
 ],
 "Mega Tyranitar": [
  "Mega Tyranitar",
  "Mega Tyranitar"
 ],
 "Mega Venusaur": [
  "Mega Venusaur",
  "Mega Venusaur"
 ],
 "Meganium": [
  "Meganium",
  "Meganie",
  "Meganiumu",
  "Méganium"
 ],
 "Melmetal": [
  "Melmetal",
  "Merumetaru"
 ],
 "Meloetta": [
  "Meloetta",
  "Meroetta"
 ],
 "Meltan": [
  "Meltan",
  "Merutan"
 ],
 "Meowstic": [
  "Meowstic",
  "Psiaugon",
  "Nyaonikusu",
  "Mistigrix"
 ],
 "Meowth": [
  "Meowth",
  "Mauzi",
  "Nyāsu",
  "Miaouss"
 ],
 "Mesprit": [
  "Mesprit",
  "Vesprit",
  "Emuritto",
  "Créfollet"
 ],
 "Metang": [
  "Metang",
  "Metangu",
  "Métang"
 ],
 "Metapod": [
  "Metapod",
  "Safcon",
  "Toranseru",
  "Chrysacier"
 ],
 "Mew": [
  "Mew",
  "Myū"
 ],
 "Mewtwo": [
  "Mewtwo",
  "Mewtu",
  "Myūtsū"
 ],
 "Mienfoo": [
  "Mienfoo",
  "Lin-fu",
  "Kojofū",
  "Kungfouine"
 ],
 "Mienshao": [
  "Mienshao",
  "Wie-shu",
  "Kojondo",
  "Shaofouine"
 ],
 "Mightyena": [
  "Mightyena",
  "Magnayen",
  "Guraena",
  "Grahyèna"
 ],
 "Milotic": [
  "Milotic",
  "Mirokarosu",
  "Milobellus"
 ],
 "Miltank": [
  "Miltank",
  "Mirutanku",
  "Écrémeuh"
 ],
 "Mime Jr.": [
  "Mime Jr.",
  "Pantimimi",
  "Manene"
 ],
 "Mimikyu": [
  "Mimikyu",
  "Mimigma",
  "Mimikkyu",
  "Mimiqui"
 ],
 "Minccino": [
  "Minccino",
  "Picochilla",
  "Chirāmī",
  "Chinchidou"
 ],
 "Minior": [
  "Minior",
  "Meteno",
  "Meteno",
  "Météno"
 ],
 "Minun": [
  "Minun",
  "Mainan",
  "Négapi"
 ],
 "Misdreavus": [
  "Misdreavus",
  "Traunfugil",
  "Mūma",
  "Feuforêve"
 ],
 "Mismagius": [
  "Mismagius",
  "Traunmagil",
  "Mūmāji",
  "Magirêve"
 ],
 "Moltres": [
  "Moltres",
  "Lavados",
  "Faiyā",
  "Sulfura"
 ],
 "Morelull": [
  "Morelull",
  "Bubungus",
  "Nemashu",
  "Spododo"
 ],
 "Morgrem": [
  "Morgrem"
 ],
 "Morpeko": [
  "Morpeko"
 ],
 "Mothim": [
  "Mothim",
  "Moterpel",
  "Gāmeiru",
  "Papilord"
 ],
 "Mr. Mime": [
  "Mr. Mime",
  "Pantimos",
  "Bariyādo",
  "M."
 ],
 "Mr. Rime": [
  "Mr. Rime"
 ],
 "Mudbray": [
  "Mudbray",
  "Pampuli",
  "Dorobanko",
  "Tiboudet"
 ],
 "Mudkip": [
  "Mudkip",
  "Hydropi",
  "Mizugorō",
  "Gobou"
 ],
 "Mudsdale": [
  "Mudsdale",
  "Pampross",
  "Banbadoro",
  "Bourrinos"
 ],
 "Muk": [
  "Muk",
  "Sleimok",
  "Betobeton",
  "Grotadmorv"
 ],
 "Munchlax": [
  "Munchlax",
  "Mampfaxo",
  "Gonbe",
  "Goinfrex"
 ],
 "Munna": [
  "Munna",
  "Somniam",
  "ムンナ"
 ],
 "Murkrow": [
  "Murkrow",
  "Kramurx",
  "Yamikarasu",
  "Cornèbre"
 ],
 "Musharna": [
  "Musharna",
  "Somnivora",
  "Mushāna",
  "Mushana"
 ],
 "Naganadel": [
  "Naganadel",
  "Agoyon",
  "Āgoyon",
  "Mandrillon"
 ],
 "Natu": [
  "Natu",
  "Neiti"
 ],
 "Necrozma": [
  "Necrozma",
  "Nekurozuma"
 ],
 "Nickit": [
  "Nickit"
 ],
 "Nidoking": [
  "Nidoking",
  "Nidokingu"
 ],
 "Nidoqueen": [
  "Nidoqueen",
  "Nidokuin"
 ],
 "Nidoran♀": [
  "Nidoran",
  "Nidoran"
 ],
 "Nidoran♂": [
  "Nidoran",
  "Nidoran"
 ],
 "Nidorina": [
  "Nidorina",
  "Nidorīna"
 ],
 "Nidorino": [
  "Nidorino",
  "Nidorīno"
 ],
 "Nihilego": [
  "Nihilego",
  "Anego",
  "Utsuroido",
  "Zéroïd"
 ],
 "Nincada": [
  "Nincada",
  "Tsuchinin",
  "Ningale"
 ],
 "Ninetales": [
  "Ninetales",
  "Vulnona",
  "Kyūkon",
  "Feunard"
 ],
 "Ninjask": [
  "Ninjask",
  "Tekkanin"
 ],
 "Noctowl": [
  "Noctowl",
  "Noctuh",
  "Yorunozuku",
  "Noarfang"
 ],
 "Noibat": [
  "Noibat",
  "Ef-em",
  "Onbatto",
  "Sonistrelle"
 ],
 "Noivern": [
  "Noivern",
  "Uhafnir",
  "Onbān",
  "Bruyverne"
 ],
 "Numel": [
  "Numel",
  "Camaub",
  "Donmeru",
  "Chamallot"
 ],
 "Nuzleaf": [
  "Nuzleaf",
  "Blanas",
  "Konohana",
  "Pifeuil"
 ],
 "Obstagoon": [
  "Obstagoon"
 ],
 "Octillery": [
  "Octillery",
  "Okutan"
 ],
 "Oddish": [
  "Oddish",
  "Myrapla",
  "Nazonokusa",
  "Mystherbe"
 ],
 "Omanyte": [
  "Omanyte",
  "Amonitas",
  "Omunaito",
  "Amonita"
 ],
 "Omastar": [
  "Omastar",
  "Amoroso",
  "Omusutā",
  "Amonistar"
 ],
 "Onix": [
  "Onix",
  "Iwāku"
 ],
 "Oranguru": [
  "Oranguru",
  "Kommandutan",
  "Yareyūtan",
  "Gouroutan"
 ],
 "Orbeetle": [
  "Orbeetle"
 ],
 "Oricorio": [
  "Oricorio",
  "Choreogel",
  "Odoridori",
  "Plumeline"
 ],
 "Oshawott": [
  "Oshawott",
  "Ottaro",
  "Mijumaru",
  "Moustillon"
 ],
 "Pachirisu": [
  "Pachirisu",
  "パチリス"
 ],
 "Palkia": [
  "Palkia",
  "Parukia"
 ],
 "Palossand": [
  "Palossand",
  "Colossand",
  "Shirodesuna",
  "Trépassable"
 ],
 "Pancham": [
  "Pancham",
  "Pam-pam",
  "Yanchamu",
  "Pandespiègle"
 ],
 "Pangoro": [
  "Pangoro",
  "Pandagro",
  "Goronda",
  "Pandarbare"
 ],
 "Panpour": [
  "Panpour",
  "Sodamak",
  "Hiyappu",
  "Flotajou"
 ],
 "Pansage": [
  "Pansage",
  "Vegimak",
  "Yanappu",
  "Feuillajou"
 ],
 "Pansear": [
  "Pansear",
  "Grillmak",
  "Baoppu",
  "Flamajou"
 ],
 "Paras": [
  "Paras",
  "Parasu"
 ],
 "Parasect": [
  "Parasect",
  "Parasek",
  "Parasekuto"
 ],
 "Passimian": [
  "Passimian",
  "Quartermak",
  "Nagetsukesaru",
  "Quartermac"
 ],
 "Patrat": [
  "Patrat",
  "Nagelotz",
  "Minezumi",
  "Ratentif"
 ],
 "Pawniard": [
  "Pawniard",
  "Gladiantri",
  "Komatana",
  "Scalpion"
 ],
 "Pelipper": [
  "Pelipper",
  "Perippā",
  "Bekipan"
 ],
 "Perrserker": [
  "Perrserker"
 ],
 "Persian": [
  "Persian",
  "Snobilikat",
  "Perushian"
 ],
 "Petilil": [
  "Petilil",
  "Lilminip",
  "Churine",
  "Chlorobule"
 ],
 "Phanpy": [
  "Phanpy",
  "Gomazō"
 ],
 "Phantump": [
  "Phantump",
  "Paragoni",
  "Bokurē",
  "Brocélôme"
 ],
 "Pheromosa": [
  "Pheromosa",
  "Schabelle",
  "Ferōche",
  "Cancrelove"
 ],
 "Phione": [
  "Phione",
  "Fione"
 ],
 "Pichu": [
  "Pichu",
  "Pichū"
 ],
 "Pidgeot": [
  "Pidgeot",
  "Tauboss",
  "Pijotto",
  "Roucarnage"
 ],
 "Pidgeotto": [
  "Pidgeotto",
  "Tauboga",
  "Pijon",
  "Roucoups"
 ],
 "Pidgey": [
  "Pidgey",
  "Taubsi",
  "Poppo",
  "Roucool"
 ],
 "Pidove": [
  "Pidove",
  "Dusselgurr",
  "Mamepato",
  "Poichigeon"
 ],
 "Pignite": [
  "Pignite",
  "Ferkokel",
  "Chaobū",
  "Grotichon"
 ],
 "Pikachu": [
  "Pikachu",
  "Pikachū"
 ],
 "Pikipek": [
  "Pikipek",
  "Peppeck",
  "Tsutsukera",
  "Picassaut"
 ],
 "Piloswine": [
  "Piloswine",
  "Keifel",
  "Inomū",
  "Cochignon"
 ],
 "Pincurchin": [
  "Pincurchin"
 ],
 "Pineco": [
  "Pineco",
  "Tannza",
  "Kunugidama",
  "Pomdepik"
 ],
 "Pinsir": [
  "Pinsir",
  "Kairosu",
  "Scarabrute"
 ],
 "Piplup": [
  "Piplup",
  "Plinfa",
  "Potchama",
  "Tiplouf"
 ],
 "Plusle": [
  "Plusle",
  "Purasuru",
  "Posipi"
 ],
 "Poipole": [
  "Poipole",
  "Venicro",
  "Bebenomu",
  "Vémini"
 ],
 "Politoed": [
  "Politoed",
  "Quaxo",
  "Nyorotono",
  "Tarpaud"
 ],
 "Poliwag": [
  "Poliwag",
  "Quapsel",
  "Nyoromo",
  "Ptitard"
 ],
 "Poliwhirl": [
  "Poliwhirl",
  "Quaputzi",
  "Nyorozo",
  "Têtarte"
 ],
 "Poliwrath": [
  "Poliwrath",
  "Quappo",
  "Nyorobon",
  "Tartard"
 ],
 "Polteageist": [
  "Polteageist"
 ],
 "Ponyta": [
  "Ponyta",
  "Ponita",
  "Ponīta"
 ],
 "Poochyena": [
  "Poochyena",
  "Fiffyen",
  "Pochiena",
  "Medhyèna"
 ],
 "Popplio": [
  "Popplio",
  "Robball",
  "Ashimari",
  "Otaquin"
 ],
 "Porygon": [
  "Porygon",
  "Porigon"
 ],
 "Porygon-Z": [
  "Porygon-Z",
  "Porigon"
 ],
 "Porygon2": [
  "Porygon2",
  "Porigon"
 ],
 "Primal Groudon": [
  "Primal Groudon",
  "Primal Groudon"
 ],
 "Primal Kyogre": [
  "Primal Kyogre",
  "Primal Kyogre"
 ],
 "Primarina": [
  "Primarina",
  "Primarene",
  "Ashirēnu",
  "Oratoria"
 ],
 "Primeape": [
  "Primeape",
  "Rasaff",
  "Okorizaru",
  "Colossinge"
 ],
 "Prinplup": [
  "Prinplup",
  "Pliprin",
  "Pottaishi",
  "Prinplouf"
 ],
 "Probopass": [
  "Probopass",
  "Voluminas",
  "Dainōzu",
  "Tarinorme"
 ],
 "Psyduck": [
  "Psyduck",
  "Enton",
  "Kodakku",
  "Psykokwak"
 ],
 "Pumpkaboo": [
  "Pumpkaboo",
  "Irrbis",
  "Baketcha",
  "Pitrouille"
 ],
 "Pupitar": [
  "Pupitar",
  "Sanagirasu",
  "Ymphect"
 ],
 "Purrloin": [
  "Purrloin",
  "Felilou",
  "Choroneko",
  "Chacripan"
 ],
 "Purugly": [
  "Purugly",
  "Shnurgarst",
  "Bunyatto",
  "Chaffreux"
 ],
 "Pyroar": [
  "Pyroar",
  "Pyroleo",
  "Kaenjishi",
  "Némélios"
 ],
 "Pyukumuku": [
  "Pyukumuku",
  "Gufa",
  "Namakobushi",
  "Concombaffe"
 ],
 "Quagsire": [
  "Quagsire",
  "Morlord",
  "Nuō",
  "Maraiste"
 ],
 "Quilava": [
  "Quilava",
  "Igelavar",
  "Magumarashi",
  "Feurisson"
 ],
 "Quilladin": [
  "Quilladin",
  "Igastarnish",
  "Haribōgu",
  "Boguérisse"
 ],
 "Qwilfish": [
  "Qwilfish",
  "Baldorfish",
  "Harīsen"
 ],
 "Raboot": [
  "Raboot"
 ],
 "Raichu": [
  "Raichu",
  "Raichū"
 ],
 "Raikou": [
  "Raikou",
  "Raikō"
 ],
 "Ralts": [
  "Ralts",
  "Trasla",
  "Rarutosu",
  "Tarsal"
 ],
 "Rampardos": [
  "Rampardos",
  "Rameidon",
  "Ramuparudo",
  "Charkos"
 ],
 "Rapidash": [
  "Rapidash",
  "Gallopa",
  "Gyaroppu",
  "Galopa"
 ],
 "Raticate": [
  "Raticate",
  "Rattikarl",
  "Ratta",
  "Rattatac"
 ],
 "Rattata": [
  "Rattata",
  "Rattfratz",
  "Koratta"
 ],
 "Rayquaza": [
  "Rayquaza",
  "Rekkūza"
 ],
 "Regice": [
  "Regice",
  "Rejiaisu"
 ],
 "Regigigas": [
  "Regigigas",
  "Rejigigasu"
 ],
 "Regirock": [
  "Regirock",
  "Rejirokku"
 ],
 "Registeel": [
  "Registeel",
  "Rejisuchiru"
 ],
 "Relicanth": [
  "Relicanth",
  "Jīransu"
 ],
 "Remoraid": [
  "Remoraid",
  "Teppouo",
  "Rémoraid"
 ],
 "Reshiram": [
  "Reshiram",
  "Reshiramu"
 ],
 "Reuniclus": [
  "Reuniclus",
  "Zytomega",
  "Rankurusu",
  "Symbios"
 ],
 "Rhydon": [
  "Rhydon",
  "Rizeros",
  "Saidon",
  "Rhinoféros"
 ],
 "Rhyhorn": [
  "Rhyhorn",
  "Rihorn",
  "Saihōn",
  "Rhinocorne"
 ],
 "Rhyperior": [
  "Rhyperior",
  "Rihornior",
  "Dosaidon",
  "Rhinastoc"
 ],
 "Ribombee": [
  "Ribombee",
  "Bandelby",
  "Aburibon",
  "Rubombelle"
 ],
 "Rillaboom": [
  "Rillaboom"
 ],
 "Riolu": [
  "Riolu",
  "Rioru"
 ],
 "Rockruff": [
  "Rockruff",
  "Wuffels",
  "Iwanko",
  "Rocabot"
 ],
 "Roggenrola": [
  "Roggenrola",
  "Kiesling",
  "Dangoro",
  "Nodulithe"
 ],
 "Rolycoly": [
  "Rolycoly"
 ],
 "Rookidee": [
  "Rookidee"
 ],
 "Roselia": [
  "Roselia",
  "Rozeria",
  "Rosélia"
 ],
 "Roserade": [
  "Roserade",
  "Rozureido"
 ],
 "Rotom": [
  "Rotom",
  "Rotomu",
  "Motisma"
 ],
 "Rufflet": [
  "Rufflet",
  "Geronimatz",
  "Washibon",
  "Furaiglon"
 ],
 "Runerigus": [
  "Runerigus"
 ],
 "Sableye": [
  "Sableye",
  "Zobiris",
  "Yamirami",
  "Ténéfix"
 ],
 "Salamence": [
  "Salamence",
  "Brutalanda",
  "Bōmanda",
  "Drattak"
 ],
 "Salandit": [
  "Salandit",
  "Molunk",
  "Yatōmori",
  "Tritox"
 ],
 "Salazzle": [
  "Salazzle",
  "Amfira",
  "Ennyūto",
  "Malamandre"
 ],
 "Samurott": [
  "Samurott",
  "Admurai",
  "Daikenki",
  "Clamiral"
 ],
 "Sandaconda": [
  "Sandaconda"
 ],
 "Sandile": [
  "Sandile",
  "Ganovil",
  "Meguroko",
  "Mascaïman"
 ],
 "Sandshrew": [
  "Sandshrew",
  "Sandan",
  "Sando",
  "Sabelette"
 ],
 "Sandslash": [
  "Sandslash",
  "Sandamer",
  "Sandopan",
  "Sablaireau"
 ],
 "Sandygast": [
  "Sandygast",
  "Sankabuh",
  "Sunabā",
  "Bacabouh"
 ],
 "Sawk": [
  "Sawk",
  "Karadonis",
  "Dageki",
  "Karaclée"
 ],
 "Sawsbuck": [
  "Sawsbuck",
  "Kronjuwild",
  "Mebukijika",
  "Haydaim"
 ],
 "Scatterbug": [
  "Scatterbug",
  "Purmel",
  "Kofukimushi",
  "Lépidonille"
 ],
 "Sceptile": [
  "Sceptile",
  "Gewaldro",
  "Jukain",
  "Jungko"
 ],
 "Scizor": [
  "Scizor",
  "Scherox",
  "Hassamu",
  "Cizayox"
 ],
 "Scolipede": [
  "Scolipede",
  "Cerapendra",
  "Pendorā",
  "Brutapode"
 ],
 "Scorbunny": [
  "Scorbunny"
 ],
 "Scrafty": [
  "Scrafty",
  "Irokex",
  "Zuruzukin",
  "Baggaïd"
 ],
 "Scraggy": [
  "Scraggy",
  "Zurrokex",
  "Zuruggu",
  "Baggiguane"
 ],
 "Scyther": [
  "Scyther",
  "Sichlor",
  "Sutoraiku",
  "Insécateur"
 ],
 "Seadra": [
  "Seadra",
  "Seemon",
  "Shīdora",
  "Hypocéan"
 ],
 "Seaking": [
  "Seaking",
  "Golking",
  "Azumaō",
  "Poissoroy"
 ],
 "Sealeo": [
  "Sealeo",
  "Seejong",
  "Todogurā",
  "Phogleur"
 ],
 "Seedot": [
  "Seedot",
  "Samurzel",
  "Tanebō",
  "Grainipiot"
 ],
 "Seel": [
  "Seel",
  "Jurob",
  "Pauwau",
  "Otaria"
 ],
 "Seismitoad": [
  "Seismitoad",
  "Branawarz",
  "Gamageroge",
  "Crapustule"
 ],
 "Sentret": [
  "Sentret",
  "Wiesor",
  "Otachi",
  "Fouinette"
 ],
 "Servine": [
  "Servine",
  "Efoserp",
  "Janobī",
  "Lianaja"
 ],
 "Seviper": [
  "Seviper",
  "Vipitis",
  "Habunēku",
  "Séviper"
 ],
 "Sewaddle": [
  "Sewaddle",
  "Strawickl",
  "Kurumiru",
  "Larveyette"
 ],
 "Sharpedo": [
  "Sharpedo",
  "Tohaido",
  "Samehadā"
 ],
 "Shaymin": [
  "Shaymin",
  "Sheimi"
 ],
 "Shedinja": [
  "Shedinja",
  "Ninjatom",
  "Nukenin",
  "Munja"
 ],
 "Shelgon": [
  "Shelgon",
  "Draschel",
  "Komorū",
  "Drackhaus"
 ],
 "Shellder": [
  "Shellder",
  "Muschas",
  "Sherudā",
  "Kokiyas"
 ],
 "Shellos": [
  "Shellos",
  "Schalellos",
  "Karanakushi",
  "Sancoki"
 ],
 "Shelmet": [
  "Shelmet",
  "Schnuthelm",
  "Chobomaki",
  "Escargaume"
 ],
 "Shieldon": [
  "Shieldon",
  "Schilterus",
  "Tatetopusu",
  "Dinoclier"
 ],
 "Shiftry": [
  "Shiftry",
  "Tengulist",
  "Dātengu",
  "Tengalice"
 ],
 "Shiinotic": [
  "Shiinotic",
  "Lamellux",
  "Mashēdo",
  "Lampignon"
 ],
 "Shinx": [
  "Shinx",
  "Sheinux",
  "Korinku",
  "Lixy"
 ],
 "Shroomish": [
  "Shroomish",
  "Knilz",
  "Kinokoko",
  "Balignon"
 ],
 "Shuckle": [
  "Shuckle",
  "Pottrott",
  "Tsubotsubo",
  "Caratroc"
 ],
 "Shuppet": [
  "Shuppet",
  "Kagebōzu",
  "Polichombr"
 ],
 "Sigilyph": [
  "Sigilyph",
  "Symvolara",
  "Shinborā",
  "Cryptéro"
 ],
 "Silcoon": [
  "Silcoon",
  "Schaloko",
  "Karasarisu",
  "Armulys"
 ],
 "Silicobra": [
  "Silicobra"
 ],
 "Silvally": [
  "Silvally",
  "Amigento",
  "Shiruvadi",
  "Silvallié"
 ],
 "Simipour": [
  "Simipour",
  "Sodachita",
  "Hiyakkī",
  "Flotoutan"
 ],
 "Simisage": [
  "Simisage",
  "Vegichita",
  "Yanakkī",
  "Feuiloutan"
 ],
 "Simisear": [
  "Simisear",
  "Grillchita",
  "Baokkī",
  "Flamoutan"
 ],
 "Sinistea": [
  "Sinistea"
 ],
 "Sirfetch'd": [
  "Sirfetch'd"
 ],
 "Sizzlipede": [
  "Sizzlipede"
 ],
 "Skarmory": [
  "Skarmory",
  "Panzaeron",
  "Eāmudo",
  "Airmure"
 ],
 "Skiddo": [
  "Skiddo",
  "Mähikel",
  "Mēkuru",
  "Cabriolaine"
 ],
 "Skiploom": [
  "Skiploom",
  "Hubelupf",
  "Popokko",
  "Floravol"
 ],
 "Skitty": [
  "Skitty",
  "Eneco",
  "Eneko"
 ],
 "Skorupi": [
  "Skorupi",
  "Pionskora",
  "Sukorupi",
  "Rapion"
 ],
 "Skrelp": [
  "Skrelp",
  "Algitt",
  "Kuzumō",
  "Venalgue"
 ],
 "Skuntank": [
  "Skuntank",
  "Sukatanku",
  "Moufflair"
 ],
 "Skwovet": [
  "Skwovet"
 ],
 "Slaking": [
  "Slaking",
  "Letarking",
  "Kekkingu",
  "Monaflèmit"
 ],
 "Slakoth": [
  "Slakoth",
  "Bummelz",
  "Namakero",
  "Parecool"
 ],
 "Sliggoo": [
  "Sliggoo",
  "Viscargot",
  "Numeiru",
  "Colimucus"
 ],
 "Slowbro": [
  "Slowbro",
  "Lahmus",
  "Yadoran",
  "Flagadoss"
 ],
 "Slowking": [
  "Slowking",
  "Laschoking",
  "Yadokingu",
  "Roigada"
 ],
 "Slowpoke": [
  "Slowpoke",
  "Flegmon",
  "Yadon",
  "Ramoloss"
 ],
 "Slugma": [
  "Slugma",
  "Schneckmag",
  "Magumaggu",
  "Limagma"
 ],
 "Slurpuff": [
  "Slurpuff",
  "Sabbaione",
  "Perorīmu",
  "Cupcanaille"
 ],
 "Smeargle": [
  "Smeargle",
  "Farbeagle",
  "Dōburu",
  "Queulorior"
 ],
 "Smoochum": [
  "Smoochum",
  "Kussilla",
  "Muchūru",
  "Lippouti"
 ],
 "Sneasel": [
  "Sneasel",
  "Sniebel",
  "Nyūra",
  "Farfuret"
 ],
 "Snivy": [
  "Snivy",
  "Serpifeu",
  "Tsutāja",
  "Vipélierre"
 ],
 "Snom": [
  "Snom"
 ],
 "Snorlax": [
  "Snorlax",
  "Relaxo",
  "Kabigon",
  "Ronflex"
 ],
 "Snorunt": [
  "Snorunt",
  "Schneppke",
  "Yukiwarashi",
  "Stalgamin"
 ],
 "Snover": [
  "Snover",
  "Shnebedeck",
  "Yukikaburi",
  "Blizzi"
 ],
 "Snubbull": [
  "Snubbull",
  "Burū"
 ],
 "Sobble": [
  "Sobble"
 ],
 "Solgaleo": [
  "Solgaleo",
  "Sorugareo"
 ],
 "Solosis": [
  "Solosis",
  "Monozyto",
  "Yuniran",
  "Nucléos"
 ],
 "Solrock": [
  "Solrock",
  "Sonnfel",
  "Sorurokku",
  "Solaroc"
 ],
 "Spearow": [
  "Spearow",
  "Habitak",
  "Onisuzume",
  "Piafabec"
 ],
 "Spewpa": [
  "Spewpa",
  "Puponcho",
  "Kofūrai",
  "Pérégrain"
 ],
 "Spheal": [
  "Spheal",
  "Seemops",
  "Tamazarashi",
  "Obalie"
 ],
 "Spinarak": [
  "Spinarak",
  "Webarak",
  "Itomaru",
  "Mimigal"
 ],
 "Spinda": [
  "Spinda",
  "Pandir",
  "Patchīru"
 ],
 "Spiritomb": [
  "Spiritomb",
  "Kryppuk",
  "Mikaruge"
 ],
 "Spoink": [
  "Spoink",
  "Banebū"
 ],
 "Spritzee": [
  "Spritzee",
  "Parfi",
  "Shushupu",
  "Fluvetin"
 ],
 "Squirtle": [
  "Squirtle",
  "Schiggy",
  "Zenigame",
  "Carapuce"
 ],
 "Stakataka": [
  "Stakataka",
  "Muramura",
  "Tsundetsunde",
  "Ama-ama"
 ],
 "Stantler": [
  "Stantler",
  "Damhirplex",
  "Odoshishi",
  "Cerfrousse"
 ],
 "Staraptor": [
  "Staraptor",
  "Mukuhōku",
  "Étouraptor"
 ],
 "Staravia": [
  "Staravia",
  "Mukubādo",
  "Étourvol"
 ],
 "Starly": [
  "Starly",
  "Staralili",
  "Mukkuru",
  "Étourmi"
 ],
 "Starmie": [
  "Starmie",
  "Sutāmī",
  "Staross"
 ],
 "Staryu": [
  "Staryu",
  "Sterndu",
  "Hitodeman",
  "Stari"
 ],
 "Steelix": [
  "Steelix",
  "Stahlos",
  "Haganēru"
 ],
 "Steenee": [
  "Steenee",
  "Frubaila",
  "Amamaiko",
  "Candine"
 ],
 "Stonjourner": [
  "Stonjourner"
 ],
 "Stoutland": [
  "Stoutland",
  "Bissbark",
  "Mūrando",
  "Mastouffe"
 ],
 "Stufful": [
  "Stufful",
  "Velursi",
  "Nuikoguma",
  "Nounourson"
 ],
 "Stunfisk": [
  "Stunfisk",
  "Flunschlik",
  "Maggyo",
  "Limonde"
 ],
 "Stunky": [
  "Stunky",
  "Skunkapuh",
  "Sukanpū",
  "Moufouette"
 ],
 "Sudowoodo": [
  "Sudowoodo",
  "Mogelbaum",
  "Usokkī",
  "Simularbre"
 ],
 "Suicune": [
  "Suicune",
  "Suikun"
 ],
 "Sunflora": [
  "Sunflora",
  "Sonnflora",
  "Kimawari",
  "Héliatronc"
 ],
 "Sunkern": [
  "Sunkern",
  "Sonnkern",
  "Himanattsu",
  "Tournegrin"
 ],
 "Surskit": [
  "Surskit",
  "Gehweiher",
  "Ametama",
  "Arakdo"
 ],
 "Swablu": [
  "Swablu",
  "Wablu",
  "Chirutto",
  "Tylton"
 ],
 "Swadloon": [
  "Swadloon",
  "Folikon",
  "Kurumayu",
  "Couverdure"
 ],
 "Swalot": [
  "Swalot",
  "Schlukwech",
  "Marunōmu",
  "Avaltout"
 ],
 "Swampert": [
  "Swampert",
  "Sumpex",
  "Ragurāji",
  "Laggron"
 ],
 "Swanna": [
  "Swanna",
  "Swaroness",
  "Suwanna",
  "Lakmécygne"
 ],
 "Swellow": [
  "Swellow",
  "Schwalboss",
  "Ōsubame",
  "Hélédelle"
 ],
 "Swinub": [
  "Swinub",
  "Quiekel",
  "Urimū",
  "Marcacrin"
 ],
 "Swirlix": [
  "Swirlix",
  "Flauschling",
  "Peroppafu",
  "Sucroquin"
 ],
 "Swoobat": [
  "Swoobat",
  "Fletiamo",
  "Kokoromori",
  "Rhinolove"
 ],
 "Sylveon": [
  "Sylveon",
  "Feelinara",
  "Ninfia",
  "Nymphali"
 ],
 "Taillow": [
  "Taillow",
  "Schwalbini",
  "Subame",
  "Nirondelle"
 ],
 "Talonflame": [
  "Talonflame",
  "Fiaro",
  "Faiarō",
  "Flambusard"
 ],
 "Tangela": [
  "Tangela",
  "Monjara",
  "Saquedeneu"
 ],
 "Tangrowth": [
  "Tangrowth",
  "Tangoloss",
  "Mojanbo",
  "Bouldeneu"
 ],
 "Tapu Bulu": [
  "Tapu Bulu",
  "Kapu-toro",
  "Kapu",
  "Tokotoro"
 ],
 "Tapu Fini": [
  "Tapu Fini",
  "Kapu-kime",
  "Kapu",
  "Tokopisco"
 ],
 "Tapu Koko": [
  "Tapu Koko",
  "Kapu-riki",
  "Kapu",
  "Tokorico"
 ],
 "Tapu Lele": [
  "Tapu Lele",
  "Kapu-fala",
  "Kapu",
  "Tokopiyon"
 ],
 "Tauros": [
  "Tauros",
  "Kentarosu"
 ],
 "Teddiursa": [
  "Teddiursa",
  "Himeguma"
 ],
 "Tentacool": [
  "Tentacool",
  "Tentacha",
  "Menokurage"
 ],
 "Tentacruel": [
  "Tentacruel",
  "Tentoxa",
  "Dokukurage"
 ],
 "Tepig": [
  "Tepig",
  "Floink",
  "Pokabu",
  "Gruikui"
 ],
 "Terrakion": [
  "Terrakion",
  "Terrakium",
  "Terakion",
  "Terrakium"
 ],
 "Thievul": [
  "Thievul"
 ],
 "Throh": [
  "Throh",
  "Jiutesto",
  "Nageki",
  "Judokrak"
 ],
 "Thundurus": [
  "Thundurus",
  "Voltolos",
  "Borutorosu",
  "Fulguris"
 ],
 "Thwackey": [
  "Thwackey"
 ],
 "Timburr": [
  "Timburr",
  "Praktibalk",
  "Dokkorā",
  "Charpenti"
 ],
 "Tirtouga": [
  "Tirtouga",
  "Galapaflos",
  "Purotōga",
  "Carapagos"
 ],
 "Togedemaru": [
  "Togedemaru",
  "トゲデマル"
 ],
 "Togekiss": [
  "Togekiss",
  "Togekissu"
 ],
 "Togepi": [
  "Togepi",
  "Togepī"
 ],
 "Togetic": [
  "Togetic",
  "Togechikku"
 ],
 "Torchic": [
  "Torchic",
  "Flemmli",
  "Achamo",
  "Poussifeu"
 ],
 "Torkoal": [
  "Torkoal",
  "Qurtel",
  "Kōtasu",
  "Chartor"
 ],
 "Tornadus": [
  "Tornadus",
  "Boreos",
  "Torunerosu",
  "Boréas"
 ],
 "Torracat": [
  "Torracat",
  "Miezunder",
  "Nyahīto",
  "Matoufeu"
 ],
 "Torterra": [
  "Torterra",
  "Chelterrar",
  "Dodaitosu"
 ],
 "Totodile": [
  "Totodile",
  "Karnimani",
  "Waninoko",
  "Kaiminus"
 ],
 "Toucannon": [
  "Toucannon",
  "Tukanon",
  "Dodekabashi",
  "Bazoucan"
 ],
 "Toxapex": [
  "Toxapex",
  "Aggrostella",
  "Dohidoide",
  "Prédastérie"
 ],
 "Toxel": [
  "Toxel"
 ],
 "Toxicroak": [
  "Toxicroak",
  "Toxiquak",
  "Dokuroggu",
  "Coatox"
 ],
 "Toxtricity": [
  "Toxtricity"
 ],
 "Tranquill": [
  "Tranquill",
  "Navitaub",
  "Hatōbō",
  "Colombeau"
 ],
 "Trapinch": [
  "Trapinch",
  "Knacklion",
  "Nakkurā",
  "Kraknoix"
 ],
 "Treecko": [
  "Treecko",
  "Geckarbor",
  "Kimori",
  "Arcko"
 ],
 "Trevenant": [
  "Trevenant",
  "Trombork",
  "Ōrotto",
  "Desséliande"
 ],
 "Tropius": [
  "Tropius",
  "Toropiusu"
 ],
 "Trubbish": [
  "Trubbish",
  "Unratütox",
  "Yabukuron",
  "Miamiasme"
 ],
 "Trumbeak": [
  "Trumbeak",
  "Trompeck",
  "Kerarappa",
  "Piclairon"
 ],
 "Tsareena": [
  "Tsareena",
  "Fruyal",
  "Amājo",
  "Sucreine"
 ],
 "Turtonator": [
  "Turtonator",
  "Tortunator",
  "Bakugamesu",
  "Boumata"
 ],
 "Turtwig": [
  "Turtwig",
  "Chelast",
  "Naetoru",
  "Tortipouss"
 ],
 "Tympole": [
  "Tympole",
  "Schallquap",
  "Otamaro",
  "Tritonde"
 ],
 "Tynamo": [
  "Tynamo",
  "Zapplardin",
  "Shibishirasu",
  "Anchwatt"
 ],
 "Type: Null": [
  "Type: Null",
  "Typ:null",
  "Taipu:nuru",
  "Type:0",
  "Type: Null",
  "Typ:null",
  "Taipu:nuru",
  "Type:0"
 ],
 "Typhlosion": [
  "Typhlosion",
  "Tornupto",
  "Bakufūn"
 ],
 "Tyranitar": [
  "Tyranitar",
  "Despotar",
  "Bangirasu",
  "Tyranocif"
 ],
 "Tyrantrum": [
  "Tyrantrum",
  "Monargoras",
  "Gachigorasu",
  "Rexillius"
 ],
 "Tyrogue": [
  "Tyrogue",
  "Rabauz",
  "Barukī",
  "Debugant"
 ],
 "Tyrunt": [
  "Tyrunt",
  "Balgoras",
  "Chigorasu",
  "Ptyranidur"
 ],
 "Ultra Necrozma": [
  "Ultra Necrozma",
  "Ultra Necrozma"
 ],
 "Umbreon": [
  "Umbreon",
  "Nachtara",
  "Burakkī",
  "Noctali"
 ],
 "Unfezant": [
  "Unfezant",
  "Fasasnob",
  "Kenhorō",
  "Déflaisan"
 ],
 "Unown": [
  "Unown",
  "Icognito",
  "Annōn",
  "Zarbi"
 ],
 "Ursaring": [
  "Ursaring",
  "Ringuma"
 ],
 "Uxie": [
  "Uxie",
  "Selfe",
  "Yukushī",
  "Créhelf"
 ],
 "Vanillish": [
  "Vanillish",
  "Gelatroppo",
  "Baniritchi",
  "Sorboul"
 ],
 "Vanillite": [
  "Vanillite",
  "Gelatini",
  "Baniputchi",
  "Sorbébé"
 ],
 "Vanilluxe": [
  "Vanilluxe",
  "Gelatwino",
  "Baibanira",
  "Sorbouboul"
 ],
 "Vaporeon": [
  "Vaporeon",
  "Aquana",
  "Shawāzu",
  "Aquali"
 ],
 "Venipede": [
  "Venipede",
  "Toxiped",
  "Fushide",
  "Venipatte"
 ],
 "Venomoth": [
  "Venomoth",
  "Omot",
  "Morufon",
  "Aéromite"
 ],
 "Venonat": [
  "Venonat",
  "Bluzuk",
  "Konpan",
  "Mimitoss"
 ],
 "Venusaur": [
  "Venusaur",
  "Bisaflor",
  "Fushigibana",
  "Florizarre"
 ],
 "Vespiquen": [
  "Vespiquen",
  "Honweisel",
  "Bīkuin",
  "Apireine"
 ],
 "Vibrava": [
  "Vibrava",
  "Biburāba",
  "Vibraninf"
 ],
 "Victini": [
  "Victini",
  "Bikutini"
 ],
 "Victreebel": [
  "Victreebel",
  "Sarzenia",
  "Utsubotto",
  "Empiflor"
 ],
 "Vigoroth": [
  "Vigoroth",
  "Muntier",
  "Yarukimono"
 ],
 "Vikavolt": [
  "Vikavolt",
  "Donarion",
  "Kuwaganon",
  "Lucanon"
 ],
 "Vileplume": [
  "Vileplume",
  "Giflor",
  "Rafureshia",
  "Rafflesia"
 ],
 "Virizion": [
  "Virizion",
  "Viridium",
  "Birijion",
  "Viridium"
 ],
 "Vivillon": [
  "Vivillon",
  "Bibiyon",
  "Prismillon"
 ],
 "Volbeat": [
  "Volbeat",
  "Barubīto",
  "Muciole"
 ],
 "Volcanion": [
  "Volcanion",
  "Borukenion"
 ],
 "Volcarona": [
  "Volcarona",
  "Ramoth",
  "Urugamosu",
  "Pyrax"
 ],
 "Voltorb": [
  "Voltorb",
  "Voltobal",
  "Biriridama",
  "Voltorbe"
 ],
 "Vullaby": [
  "Vullaby",
  "Skallyk",
  "Baruchai",
  "Vostourno"
 ],
 "Vulpix": [
  "Vulpix",
  "Rokon",
  "Goupix"
 ],
 "Wailmer": [
  "Wailmer",
  "Hoeruko"
 ],
 "Wailord": [
  "Wailord",
  "Hoeruō"
 ],
 "Walrein": [
  "Walrein",
  "Walraisa",
  "Todozeruga",
  "Kaimorse"
 ],
 "Watchog": [
  "Watchog",
  "Kukmarda",
  "Miruhoggu",
  "Miradar"
 ],
 "Weavile": [
  "Weavile",
  "Snibunna",
  "Manyūra",
  "Dimoret"
 ],
 "Weedle": [
  "Weedle",
  "Hornliu",
  "Bīdoru",
  "Aspicot"
 ],
 "Weepinbell": [
  "Weepinbell",
  "Ultrigaria",
  "Utsudon",
  "Boustiflor"
 ],
 "Weezing": [
  "Weezing",
  "Smogmog",
  "Matadogasu",
  "Smogogo"
 ],
 "Whimsicott": [
  "Whimsicott",
  "Elfun",
  "Erufūn",
  "Farfaduvet"
 ],
 "Whirlipede": [
  "Whirlipede",
  "Rollum",
  "Hoīga",
  "Scobolide"
 ],
 "Whiscash": [
  "Whiscash",
  "Welsar",
  "Namazun",
  "Barbicha"
 ],
 "Whismur": [
  "Whismur",
  "Flurmel",
  "Gonyonyo",
  "Chuchmur"
 ],
 "Wigglytuff": [
  "Wigglytuff",
  "Knuddeluff",
  "Pukurin",
  "Grodoudou"
 ],
 "Wimpod": [
  "Wimpod",
  "Reißlaus",
  "Kosokumushi",
  "Sovkipou"
 ],
 "Wingull": [
  "Wingull",
  "Kyamome",
  "Goélise"
 ],
 "Wishiwashi": [
  "Wishiwashi",
  "Lusardin",
  "Yowashi",
  "Froussardine"
 ],
 "Wobbuffet": [
  "Wobbuffet",
  "Woingenau",
  "Sōnansu",
  "Qulbutoké"
 ],
 "Woobat": [
  "Woobat",
  "Fleknoil",
  "Koromori",
  "Chovsourir"
 ],
 "Wooloo": [
  "Wooloo"
 ],
 "Wooper": [
  "Wooper",
  "Felino",
  "Upā",
  "Axoloto"
 ],
 "Wormadam": [
  "Wormadam",
  "Burmadame",
  "Minomadamu",
  "Cheniselle"
 ],
 "Wurmple": [
  "Wurmple",
  "Waumpel",
  "Kemusso",
  "Chenipotte"
 ],
 "Wynaut": [
  "Wynaut",
  "Isso",
  "Sōnano",
  "Okéoké"
 ],
 "Xatu": [
  "Xatu",
  "Neitio"
 ],
 "Xerneas": [
  "Xerneas",
  "Zeruneasu"
 ],
 "Xurkitree": [
  "Xurkitree",
  "Voltriant",
  "Denjumoku",
  "Câblifère"
 ],
 "Yamask": [
  "Yamask",
  "Makabaja",
  "Desumasu",
  "Tutafeh"
 ],
 "Yamper": [
  "Yamper"
 ],
 "Yanma": [
  "Yanma",
  "Yan'yanma"
 ],
 "Yanmega": [
  "Yanmega",
  "Megayanma",
  "Yanméga"
 ],
 "Yungoos": [
  "Yungoos",
  "Mangunior",
  "Yangūsu",
  "Manglouton"
 ],
 "Yveltal": [
  "Yveltal",
  "Iberutaru"
 ],
 "Zacian": [
  "Zacian"
 ],
 "Zamazenta": [
  "Zamazenta"
 ],
 "Zangoose": [
  "Zangoose",
  "Sengo",
  "Zangūsu",
  "Mangriff"
 ],
 "Zapdos": [
  "Zapdos",
  "Sandā",
  "Électhor"
 ],
 "Zebstrika": [
  "Zebstrika",
  "Zebritz",
  "Zeburaika",
  "Zéblitz"
 ],
 "Zekrom": [
  "Zekrom",
  "Zekuromu"
 ],
 "Zeraora": [
  "Zeraora",
  "ゼラオラ"
 ],
 "Zigzagoon": [
  "Zigzagoon",
  "Zigzachs",
  "Jiguzaguma",
  "Zigzaton"
 ],
 "Zoroark": [
  "Zoroark",
  "Zoroāku"
 ],
 "Zorua": [
  "Zorua",
  "Zoroa"
 ],
 "Zubat": [
  "Zubat",
  "Zubatto",
  "Nosferapti"
 ],
 "Zweilous": [
  "Zweilous",
  "Duodino",
  "Jiheddo",
  "Diamat"
 ],
 "Zygarde": [
  "Zygarde",
  "Jigarude"
 ]
}